{"stats":{"minecraft:picked_up":{"minecraft:pink_petals":4,"minecraft:crafting_table":5,"minecraft:porkchop":13,"minecraft:oak_log":19,"minecraft:dirt":2,"minecraft:granite":1,"minecraft:oak_boat":1,"minecraft:oak_sapling":10,"minecraft:coal":11,"minecraft:oak_planks":48,"minecraft:cobblestone":19,"minecraft:furnace":1},"minecraft:used":{"minecraft:stone_pickaxe":29,"minecraft:wooden_pickaxe":3,"minecraft:stone_axe":13,"minecraft:pink_petals":4,"minecraft:dirt":2,"minecraft:crafting_table":5,"minecraft:furnace":1,"minecraft:cooked_porkchop":2,"minecraft:oak_boat":1},"minecraft:killed_by":{"minecraft:spider":1},"minecraft:killed":{"minecraft:pig":6},"minecraft:crafted":{"minecraft:oak_boat":1,"minecraft:oak_planks":76,"minecraft:cooked_porkchop":7,"minecraft:crafting_table":1,"minecraft:stick":8,"minecraft:wooden_pickaxe":1,"minecraft:stone_pickaxe":1,"minecraft:stone_sword":1,"minecraft:furnace":1,"minecraft:stone_axe":1,"minecraft:air":0},"minecraft:mined":{"minecraft:pink_petals":1,"minecraft:furnace":1,"minecraft:crafting_table":5,"minecraft:granite":1,"minecraft:short_grass":3,"minecraft:coal_ore":11,"minecraft:grass_block":2,"minecraft:oak_log":20,"minecraft:stone":19,"minecraft:oak_leaves":9},"minecraft:custom":{"minecraft:time_since_rest":25223,"minecraft:interact_with_furnace":5,"minecraft:sprint_one_cm":47315,"minecraft:damage_taken":285,"minecraft:walk_one_cm":37551,"minecraft:mob_kills":6,"minecraft:damage_dealt":690,"minecraft:interact_with_crafting_table":7,"minecraft:swim_one_cm":3827,"minecraft:fly_one_cm":90866,"minecraft:play_time":33199,"minecraft:deaths":1,"minecraft:sneak_time":9,"minecraft:walk_under_water_one_cm":1370,"minecraft:boat_one_cm":18192,"minecraft:jump":393,"minecraft:time_since_death":23725,"minecraft:leave_game":4,"minecraft:walk_on_water_one_cm":1237,"minecraft:total_world_time":33199,"minecraft:fall_one_cm":14657}},"DataVersion":3953}