{"stats":{"minecraft:mined":{"minecraft:short_grass":1,"minecraft:grass_block":2,"minecraft:oak_log":20,"minecraft:oak_leaves":9},"minecraft:custom":{"minecraft:time_since_rest":9051,"minecraft:deaths":1,"minecraft:sprint_one_cm":20318,"minecraft:play_time":17027,"minecraft:damage_taken":235,"minecraft:walk_one_cm":10348,"minecraft:walk_under_water_one_cm":486,"minecraft:jump":135,"minecraft:damage_dealt":90,"minecraft:leave_game":2,"minecraft:walk_on_water_one_cm":606,"minecraft:time_since_death":7553,"minecraft:total_world_time":17027,"minecraft:swim_one_cm":2771,"minecraft:fall_one_cm":3845,"minecraft:fly_one_cm":36014},"minecraft:killed_by":{"minecraft:spider":1},"minecraft:used":{"minecraft:dirt":2},"minecraft:picked_up":{"minecraft:oak_log":19,"minecraft:oak_sapling":9,"minecraft:dirt":2}},"DataVersion":3953}