{"stats":{"minecraft:mined":{"minecraft:short_grass":1,"minecraft:grass_block":2,"minecraft:oak_log":20,"minecraft:oak_leaves":9},"minecraft:custom":{"minecraft:time_since_rest":13329,"minecraft:deaths":1,"minecraft:sprint_one_cm":21270,"minecraft:play_time":21305,"minecraft:damage_taken":235,"minecraft:walk_one_cm":10434,"minecraft:walk_under_water_one_cm":486,"minecraft:jump":146,"minecraft:damage_dealt":90,"minecraft:leave_game":3,"minecraft:walk_on_water_one_cm":606,"minecraft:time_since_death":11831,"minecraft:total_world_time":21305,"minecraft:swim_one_cm":2771,"minecraft:fall_one_cm":4263,"minecraft:fly_one_cm":39310},"minecraft:killed_by":{"minecraft:spider":1},"minecraft:used":{"minecraft:dirt":2},"minecraft:crafted":{"minecraft:oak_planks":76},"minecraft:picked_up":{"minecraft:oak_log":19,"minecraft:oak_sapling":10,"minecraft:dirt":2}},"DataVersion":3953}