{"stats":{"minecraft:mined":{"minecraft:short_grass":1,"minecraft:grass_block":2,"minecraft:oak_log":6,"minecraft:oak_leaves":2},"minecraft:custom":{"minecraft:jump":106,"minecraft:time_since_rest":3400,"minecraft:deaths":1,"minecraft:walk_on_water_one_cm":606,"minecraft:damage_dealt":90,"minecraft:sprint_one_cm":17148,"minecraft:play_time":11376,"minecraft:damage_taken":235,"minecraft:time_since_death":1902,"minecraft:walk_one_cm":5650,"minecraft:total_world_time":11376,"minecraft:walk_under_water_one_cm":486,"minecraft:swim_one_cm":2771,"minecraft:fall_one_cm":3369,"minecraft:fly_one_cm":32120},"minecraft:killed_by":{"minecraft:spider":1},"minecraft:used":{"minecraft:dirt":2},"minecraft:picked_up":{"minecraft:oak_log":4,"minecraft:dirt":2}},"DataVersion":3953}